query_id,query_content,category_id,category_description
178,英语26个字母的读法,TRASH_CATEGORY,垃圾簇 - 包含查询数过少的簇
799,笔记本怎么破解wifi,TRASH_CATEGORY,垃圾簇 - 包含查询数过少的簇
182,hhh 出场,TRASH_CATEGORY,垃圾簇 - 包含查询数过少的簇
58,习近平2018八一建军节视频,TRASH_CATEGORY,垃圾簇 - 包含查询数过少的簇
95,2017usul,TRASH_CATEGORY,垃圾簇 - 包含查询数过少的簇
524,2017名图18,TRASH_CATEGORY,垃圾簇 - 包含查询数过少的簇
133,2015魅力东方第三届中国国际内衣创意设计大赛,TRASH_CATEGORY,垃圾簇 - 包含查询数过少的簇
247,屌德斯解说瑞克和莫第i,TRASH_CATEGORY,垃圾簇 - 包含查询数过少的簇
797,迪迦奥特曼维吾尔语,TRASH_CATEGORY,垃圾簇 - 包含查询数过少的簇
538,开拉饵散炮手法,TRASH_CATEGORY,垃圾簇 - 包含查询数过少的簇
602,热巴邓伦同台,TRASH_CATEGORY,垃圾簇 - 包含查询数过少的簇
847,2018法考三国法系统强化03 殷敏厚大法考,TRASH_CATEGORY,垃圾簇 - 包含查询数过少的簇
295,千金归来补课,TRASH_CATEGORY,垃圾簇 - 包含查询数过少的簇
176,雅馨绣高帮老虎棉鞋的编织方法,TRASH_CATEGORY,垃圾簇 - 包含查询数过少的簇
957,柔力球亲疙旦下河洗衣裳集体自编,TRASH_CATEGORY,垃圾簇 - 包含查询数过少的簇
190,红领巾国学达人竞赛,TRASH_CATEGORY,垃圾簇 - 包含查询数过少的簇
783,哈萨克斯坦新闻2018,TRASH_CATEGORY,垃圾簇 - 包含查询数过少的簇
8,hueanh tuyet dinh song ca nhi 2018,TRASH_CATEGORY,垃圾簇 - 包含查询数过少的簇
121,拳击手套,TRASH_CATEGORY,垃圾簇 - 包含查询数过少的簇
402,怎样练习乒乓球的摩察球,TRASH_CATEGORY,垃圾簇 - 包含查询数过少的簇
22,美国警察开枪人质18枪,TRASH_CATEGORY,垃圾簇 - 包含查询数过少的簇
29,0芝加哥警署,TRASH_CATEGORY,垃圾簇 - 包含查询数过少的簇
861,美军广告,TRASH_CATEGORY,垃圾簇 - 包含查询数过少的簇
197,坦克世界1,TRASH_CATEGORY,垃圾簇 - 包含查询数过少的簇
558,流浪的萨摩耶,TRASH_CATEGORY,垃圾簇 - 包含查询数过少的簇
564,卡内基梅隆,TRASH_CATEGORY,垃圾簇 - 包含查询数过少的簇
865,爱尔兰钩花连网,TRASH_CATEGORY,垃圾簇 - 包含查询数过少的簇
60,台湾渔民在钓鱼岛,TRASH_CATEGORY,垃圾簇 - 包含查询数过少的簇
627,以色列小国强大的内因,TRASH_CATEGORY,垃圾簇 - 包含查询数过少的簇
974,丛林法则西伯利亚,TRASH_CATEGORY,垃圾簇 - 包含查询数过少的簇
185,车尔尼第13条,TRASH_CATEGORY,垃圾簇 - 包含查询数过少的簇
842,根据战争法2,TRASH_CATEGORY,垃圾簇 - 包含查询数过少的簇
504,poj niam tsis hlub los cas,TRASH_CATEGORY,垃圾簇 - 包含查询数过少的簇
516,cau be fhong mjnh,TRASH_CATEGORY,垃圾簇 - 包含查询数过少的簇
346,sib phwb cawm seej,TRASH_CATEGORY,垃圾簇 - 包含查询数过少的簇
17,shoe time,TRASH_CATEGORY,垃圾簇 - 包含查询数过少的簇
106,school routine,TRASH_CATEGORY,垃圾簇 - 包含查询数过少的簇
149,sony 35 1 4,TRASH_CATEGORY,垃圾簇 - 包含查询数过少的簇
369,edem,TRASH_CATEGORY,垃圾簇 - 包含查询数过少的簇
111,topper,TRASH_CATEGORY,垃圾簇 - 包含查询数过少的簇
533,crispr cas9,TRASH_CATEGORY,垃圾簇 - 包含查询数过少的簇
250,egli non riede ancora,TRASH_CATEGORY,垃圾簇 - 包含查询数过少的簇
748,业主委员会成员可以兼职物业公司经理吗,TRASH_CATEGORY,垃圾簇 - 包含查询数过少的簇
403,奔跑公寓,TRASH_CATEGORY,垃圾簇 - 包含查询数过少的簇
990,香港ups广告,TRASH_CATEGORY,垃圾簇 - 包含查询数过少的簇
20,新后羿射日,TRASH_CATEGORY,垃圾簇 - 包含查询数过少的簇
695,野钓大罗飞,TRASH_CATEGORY,垃圾簇 - 包含查询数过少的簇
698,刺激专场,TRASH_CATEGORY,垃圾簇 - 包含查询数过少的簇
765,踢jj视频,TRASH_CATEGORY,垃圾簇 - 包含查询数过少的簇
677,印度香辣鱼头,TRASH_CATEGORY,垃圾簇 - 包含查询数过少的簇
776,怎样炸的土豆条好吃,TRASH_CATEGORY,垃圾簇 - 包含查询数过少的簇
758,饥荒老麦,TRASH_CATEGORY,垃圾簇 - 包含查询数过少的簇
287,特务审问,TRASH_CATEGORY,垃圾簇 - 包含查询数过少的簇
584,被囚禁的时间,TRASH_CATEGORY,垃圾簇 - 包含查询数过少的簇
273,吉翁号,TRASH_CATEGORY,垃圾簇 - 包含查询数过少的簇
923,泰国撑船视屏,TRASH_CATEGORY,垃圾簇 - 包含查询数过少的簇
378,执业医师血液系统骨髓异常增生综合征讲座视频,TRASH_CATEGORY,垃圾簇 - 包含查询数过少的簇
262,传统七星漂钓鱼,TRASH_CATEGORY,垃圾簇 - 包含查询数过少的簇
387,花呗购买手机,TRASH_CATEGORY,垃圾簇 - 包含查询数过少的簇
836,涂节优5808,TRASH_CATEGORY,垃圾簇 - 包含查询数过少的簇
574,正宗锅包肉,TRASH_CATEGORY,垃圾簇 - 包含查询数过少的簇
764,鳄鱼折纸,TRASH_CATEGORY,垃圾簇 - 包含查询数过少的簇
282,向日葵款小口金包,TRASH_CATEGORY,垃圾簇 - 包含查询数过少的簇
722,真假金牡丹,TRASH_CATEGORY,垃圾簇 - 包含查询数过少的簇
152,把鱼缸的水过滤清,TRASH_CATEGORY,垃圾簇 - 包含查询数过少的簇
304,水泥池黄鳝养殖是骗局吗,TRASH_CATEGORY,垃圾簇 - 包含查询数过少的簇
63,海南鸡蒜椒汁的配方,TRASH_CATEGORY,垃圾簇 - 包含查询数过少的簇
96,习近平第十二届主席,TRASH_CATEGORY,垃圾簇 - 包含查询数过少的簇
420,dj贵州山,TRASH_CATEGORY,垃圾簇 - 包含查询数过少的簇
557,广西融水高汉芦笙,TRASH_CATEGORY,垃圾簇 - 包含查询数过少的簇
352,大涛软考网络工程师,TRASH_CATEGORY,垃圾簇 - 包含查询数过少的簇
15,纳米比亚德爷,TRASH_CATEGORY,垃圾簇 - 包含查询数过少的簇
914,lab syooj,TRASH_CATEGORY,垃圾簇 - 包含查询数过少的簇
795,看看咯经历jag jushaagbgcagdjdpc,TRASH_CATEGORY,垃圾簇 - 包含查询数过少的簇
122,弹力环,TRASH_CATEGORY,垃圾簇 - 包含查询数过少的簇
862,于拉出品1602,TRASH_CATEGORY,垃圾簇 - 包含查询数过少的簇
4,摩托车拉力,TRASH_CATEGORY,垃圾簇 - 包含查询数过少的簇
371,戏台,TRASH_CATEGORY,垃圾簇 - 包含查询数过少的簇
548,电马达,TRASH_CATEGORY,垃圾簇 - 包含查询数过少的簇
471,18款春风400nk,TRASH_CATEGORY,垃圾簇 - 包含查询数过少的簇
325,长春嘉图bim,TRASH_CATEGORY,垃圾簇 - 包含查询数过少的簇
146,调焦机,TRASH_CATEGORY,垃圾簇 - 包含查询数过少的簇
324,二垄起垄机,TRASH_CATEGORY,垃圾簇 - 包含查询数过少的簇
848,双头切割机,TRASH_CATEGORY,垃圾簇 - 包含查询数过少的簇
671,小型手动收割机工作视频,TRASH_CATEGORY,垃圾簇 - 包含查询数过少的簇
345,收口包子,TRASH_CATEGORY,垃圾簇 - 包含查询数过少的簇
585,钩针编织收纳筐,TRASH_CATEGORY,垃圾簇 - 包含查询数过少的簇
993,号当铺,TRASH_CATEGORY,垃圾簇 - 包含查询数过少的簇
37,延安新间,TRASH_CATEGORY,垃圾簇 - 包含查询数过少的簇
510,atsl底盘,TRASH_CATEGORY,垃圾簇 - 包含查询数过少的簇
335,捡垃圾,TRASH_CATEGORY,垃圾簇 - 包含查询数过少的簇
886,98k教学在哪里捡到98,TRASH_CATEGORY,垃圾簇 - 包含查询数过少的簇
955,28试金银扇教学视频,TRASH_CATEGORY,垃圾簇 - 包含查询数过少的簇
639,优酷v380添加网络教材,TRASH_CATEGORY,垃圾簇 - 包含查询数过少的簇
609,室外减肚子视频,TRASH_CATEGORY,垃圾簇 - 包含查询数过少的簇
920,孙维刚教学视频,TRASH_CATEGORY,垃圾簇 - 包含查询数过少的簇
830,线雕填充泪沟视频,TRASH_CATEGORY,垃圾簇 - 包含查询数过少的簇
732,日出的视频,TRASH_CATEGORY,垃圾簇 - 包含查询数过少的簇
126,崔大笨,TRASH_CATEGORY,垃圾簇 - 包含查询数过少的簇
941,宋德才,TRASH_CATEGORY,垃圾簇 - 包含查询数过少的簇
48,淡雅大大,TRASH_CATEGORY,垃圾簇 - 包含查询数过少的簇
610,李丰老师吉特巴,TRASH_CATEGORY,垃圾簇 - 包含查询数过少的簇
728,圆桌瑜老板,TRASH_CATEGORY,垃圾簇 - 包含查询数过少的簇
34,百亿富豪刘轩豪,TRASH_CATEGORY,垃圾簇 - 包含查询数过少的簇
381,无量寿经27刘素云,TRASH_CATEGORY,垃圾簇 - 包含查询数过少的簇
655,李敖侯佩岑,TRASH_CATEGORY,垃圾簇 - 包含查询数过少的簇
186,北京王亮,TRASH_CATEGORY,垃圾簇 - 包含查询数过少的簇
139,直销万事通大作为老师,TRASH_CATEGORY,垃圾簇 - 包含查询数过少的簇
385,旧上海卖报纸,TRASH_CATEGORY,垃圾簇 - 包含查询数过少的簇
598,报告老板关公,TRASH_CATEGORY,垃圾簇 - 包含查询数过少的簇
727,南康打人,TRASH_CATEGORY,垃圾簇 - 包含查询数过少的簇
945,成都黑社会,TRASH_CATEGORY,垃圾簇 - 包含查询数过少的簇
430,黄家驹农民,TRASH_CATEGORY,垃圾簇 - 包含查询数过少的簇
537,碧桂园工地火灾,TRASH_CATEGORY,垃圾簇 - 包含查询数过少的簇
659,籽岷红石大厦,TRASH_CATEGORY,垃圾簇 - 包含查询数过少的簇
495,市委书记日记16,TRASH_CATEGORY,垃圾簇 - 包含查询数过少的簇
424,罗永浩冒险是锤子科技的使命rebuild 2018,TRASH_CATEGORY,垃圾簇 - 包含查询数过少的簇
904,领克02提速,TRASH_CATEGORY,垃圾簇 - 包含查询数过少的簇
78,南哥洗车划了保时捷,TRASH_CATEGORY,垃圾簇 - 包含查询数过少的簇
384,十带反情,TRASH_CATEGORY,垃圾簇 - 包含查询数过少的簇
824,备胎反,TRASH_CATEGORY,垃圾簇 - 包含查询数过少的簇
297,反复摩擦其隐私部位,TRASH_CATEGORY,垃圾簇 - 包含查询数过少的簇
298,文在寅就职,TRASH_CATEGORY,垃圾簇 - 包含查询数过少的簇
669,魏显忠,TRASH_CATEGORY,垃圾簇 - 包含查询数过少的簇
612,吕钦象棋,TRASH_CATEGORY,垃圾簇 - 包含查询数过少的簇
706,蒋兆兆,TRASH_CATEGORY,垃圾簇 - 包含查询数过少的簇
729,李光耀新加坡,TRASH_CATEGORY,垃圾簇 - 包含查询数过少的簇
5,日剧警匪,CAT-002,影视与娱乐内容查询
14,爱的释放电影高清,CAT-002,影视与娱乐内容查询
21,花纹色狼片,CAT-002,影视与娱乐内容查询
24,是真的吗暑假节目,CAT-002,影视与娱乐内容查询
32,唐唐说电影56,CAT-002,影视与娱乐内容查询
33,农村电视剧大全喜剧宝乐婶的烦心事,CAT-002,影视与娱乐内容查询
35,优酷时尚芭莎朱一龙白宇,CAT-002,影视与娱乐内容查询
62,真爱无价国语全集03,CAT-002,影视与娱乐内容查询
69,炽爱游戏泰剧第1集,CAT-002,影视与娱乐内容查询
70,海洋之歌全集中文字幕,CAT-002,影视与娱乐内容查询
74,真心话大冒险综艺节目,CAT-002,影视与娱乐内容查询
82,曾志伟主演电影,CAT-002,影视与娱乐内容查询
86,后妈电视连续剧,CAT-002,影视与娱乐内容查询
92,底特律4k电影,CAT-002,影视与娱乐内容查询
107,美人鱼芭比电视,CAT-002,影视与娱乐内容查询
116,宋冠澎欢乐喜剧人,CAT-002,影视与娱乐内容查询
128,tvb电视剧陀枪师姐,CAT-002,影视与娱乐内容查询
129,赵本山不差钱有字幕,CAT-002,影视与娱乐内容查询
140,吸毒女人的电影,CAT-002,影视与娱乐内容查询
141,乐俊凯09乐俊凯大结局,CAT-002,影视与娱乐内容查询
143,日韩色狼,CAT-002,影视与娱乐内容查询
145,沙海梁湾片段,CAT-002,影视与娱乐内容查询
165,孙俪电视剧,CAT-002,影视与娱乐内容查询
167,绵宝宝海盗大电影,CAT-002,影视与娱乐内容查询
169,角进球猪猪侠全集,CAT-002,影视与娱乐内容查询
180,李连杰电影精武门,CAT-002,影视与娱乐内容查询
193,www xezagkino,CAT-002,影视与娱乐内容查询
206,欢乐喜剧人岳云鹏3,CAT-002,影视与娱乐内容查询
207,少年四大名捕主演,CAT-002,影视与娱乐内容查询
213,孙红雷与江疏影,CAT-002,影视与娱乐内容查询
221,朝鲜老电影战斗片,CAT-002,影视与娱乐内容查询
231,武动乾坤剧透,CAT-002,影视与娱乐内容查询
238,蛋蛋小子的电视,CAT-002,影视与娱乐内容查询
239,流氓动画,CAT-002,影视与娱乐内容查询
249,小马宝莉被变成了美人鱼第四季,CAT-002,影视与娱乐内容查询
259,林青霞和秦汉电影,CAT-002,影视与娱乐内容查询
276,新大头儿子和小头爸爸第三季俄罗斯大冒险,CAT-002,影视与娱乐内容查询
288,武打片师兄师弟,CAT-002,影视与娱乐内容查询
291,小头爸爸大和大头儿子大电影,CAT-002,影视与娱乐内容查询
300,霸王龙动画片国语,CAT-002,影视与娱乐内容查询
308,泰韩梦之队01,CAT-002,影视与娱乐内容查询
318,河南卫视拳击,CAT-002,影视与娱乐内容查询
337,鹿鼎记之俄罗斯公主,CAT-002,影视与娱乐内容查询
347,苗族电影儿子皇帝,CAT-002,影视与娱乐内容查询
351,棉花糖和云朵妈妈第2季大,CAT-002,影视与娱乐内容查询
357,复仇者联盟3预告片恶搞,CAT-002,影视与娱乐内容查询
359,美剧实习医生格雷医生,CAT-002,影视与娱乐内容查询
360,mike生日会完整版,CAT-002,影视与娱乐内容查询
383,搜索最新的动画片,CAT-002,影视与娱乐内容查询
393,央视一套电视剧美丽的青春,CAT-002,影视与娱乐内容查询
395,灾难片电影海神号,CAT-002,影视与娱乐内容查询
406,韩国李尚允韩国李尚允的新剧,CAT-002,影视与娱乐内容查询
416,小马宝利变成视频,CAT-002,影视与娱乐内容查询
417,速度与激情7普通,CAT-002,影视与娱乐内容查询
428,云南山歌剧新娘不是我,CAT-002,影视与娱乐内容查询
431,京剧猫只乘风破浪第37集,CAT-002,影视与娱乐内容查询
433,香港电视全集,CAT-002,影视与娱乐内容查询
435,韩剧金福南杀人事件始末,CAT-002,影视与娱乐内容查询
437,朱一龙说家乡话视频,CAT-002,影视与娱乐内容查询
438,张云雷杨九郎2018年滁州商演,CAT-002,影视与娱乐内容查询
446,抭曰战争电视剧,CAT-002,影视与娱乐内容查询
452,佟大为苗圃主演的电视剧,CAT-002,影视与娱乐内容查询
453,江苏卫视初学者抓领带特技,CAT-002,影视与娱乐内容查询
459,八星报喜国语版,CAT-002,影视与娱乐内容查询
461,日剧小栗旬,CAT-002,影视与娱乐内容查询
467,激情上床全过程韩国,CAT-002,影视与娱乐内容查询
494,电影解说两小无猜,CAT-002,影视与娱乐内容查询
509,英雄本色3周润发主演,CAT-002,影视与娱乐内容查询
512,第一期幻月之城完整版,CAT-002,影视与娱乐内容查询
528,普法栏目剧寻亲记全集,CAT-002,影视与娱乐内容查询
535,花中的风暴泰剧,CAT-002,影视与娱乐内容查询
546,达摩祖师电影666663tu iii ig,CAT-002,影视与娱乐内容查询
550,经典古装武打电影,CAT-002,影视与娱乐内容查询
551,爱情片一路向西,CAT-002,影视与娱乐内容查询
555,田朴珺出演魔鬼天使,CAT-002,影视与娱乐内容查询
566,97电影院爱情片,CAT-002,影视与娱乐内容查询
575,庐剧郑小娇盛小五阴阳人第二集,CAT-002,影视与娱乐内容查询
576,老电影玉麒麟卢俊义,CAT-002,影视与娱乐内容查询
579,极限挑战未播花絮罗志祥合集,CAT-002,影视与娱乐内容查询
593,名侦探柯南小兰变小孩,CAT-002,影视与娱乐内容查询
607,code秘密的房间第1季,CAT-002,影视与娱乐内容查询
625,陆萍坊歌仔戏萍影侠风,CAT-002,影视与娱乐内容查询
626,我愿意国语版,CAT-002,影视与娱乐内容查询
644,涂磊爱情保卫战我的刁蛮宠儿是哪一期,CAT-002,影视与娱乐内容查询
646,陈小硕直播8月,CAT-002,影视与娱乐内容查询
647,韩国连续剧借种,CAT-002,影视与娱乐内容查询
665,泰剧之无尽的爱,CAT-002,影视与娱乐内容查询
666,镇魂直播7月26日,CAT-002,影视与娱乐内容查询
673,电视局乱世新娘,CAT-002,影视与娱乐内容查询
709,高中校园爱情电影,CAT-002,影视与娱乐内容查询
713,电影黑白夜,CAT-002,影视与娱乐内容查询
714,江南style中文字幕超清,CAT-002,影视与娱乐内容查询
718,七十二家房客第13季61集,CAT-002,影视与娱乐内容查询
724,奇怪的搭档25,CAT-002,影视与娱乐内容查询
739,台剧醉后决定爱上你,CAT-002,影视与娱乐内容查询
740,朱荣发kino,CAT-002,影视与娱乐内容查询
754,情色电影短视频,CAT-002,影视与娱乐内容查询
756,薛之谦丑八怪中国好声音,CAT-002,影视与娱乐内容查询
757,微电影情片,CAT-002,影视与娱乐内容查询
760,拳皇2000动画,CAT-002,影视与娱乐内容查询
761,春光乍泄完整版,CAT-002,影视与娱乐内容查询
766,金瓶梅电影三及片一,CAT-002,影视与娱乐内容查询
773,蟒蛇的电影,CAT-002,影视与娱乐内容查询
774,激烈亲嘴的恐怖电影,CAT-002,影视与娱乐内容查询
782,千王之王1980粤语版,CAT-002,影视与娱乐内容查询
786,小学生抽烟视频,CAT-002,影视与娱乐内容查询
787,韩国电影缠绵,CAT-002,影视与娱乐内容查询
790,成龙的电影醉拳2,CAT-002,影视与娱乐内容查询
814,蜡笔小新之大家之狼可以看,CAT-002,影视与娱乐内容查询
829,小爸爸电视剧33全集免费,CAT-002,影视与娱乐内容查询
835,苗族电影逃难,CAT-002,影视与娱乐内容查询
841,ishqkameenakino,CAT-002,影视与娱乐内容查询
856,越剧洞房悄悄,CAT-002,影视与娱乐内容查询
868,我的世界菜鸟和末影人成为好朋友,CAT-002,影视与娱乐内容查询
872,吴亦凡juice海外观看反应,CAT-002,影视与娱乐内容查询
873,九九女儿红情吕双人版,CAT-002,影视与娱乐内容查询
879,郑元畅林依晨主演的电视,CAT-002,影视与娱乐内容查询
884,爱情有关的电视剧,CAT-002,影视与娱乐内容查询
907,欢乐喜剧人岳云鹏不争德云一哥,CAT-002,影视与娱乐内容查询
908,电视剧醉酒超甜亲吻视频,CAT-002,影视与娱乐内容查询
929,免费鬼片大全,CAT-002,影视与娱乐内容查询
931,黄景瑜迪丽热巴什么时候一起拍戏,CAT-002,影视与娱乐内容查询
966,马里奥超搞笑动画,CAT-002,影视与娱乐内容查询
972,刘仕萍庐剧,CAT-002,影视与娱乐内容查询
978,绑架美女动漫片,CAT-002,影视与娱乐内容查询
989,恶作剧之吻片段,CAT-002,影视与娱乐内容查询
998,孕妇大肚子电影,CAT-002,影视与娱乐内容查询
7,柳岩胸吻戏,CAT-002,影视与娱乐内容查询
23,真爱无价那达,CAT-002,影视与娱乐内容查询
26,好呢女春夏中国风的洒脱惹我去饿哇轻松的v 出现在豆腐,CAT-002,影视与娱乐内容查询
30,转角遇到的爱,CAT-002,影视与娱乐内容查询
42,巴比公主的梦想豪宅,CAT-002,影视与娱乐内容查询
44,马夫人雪梨性感抺胸,CAT-002,影视与娱乐内容查询
57,性感美女过520上床,CAT-002,影视与娱乐内容查询
61,白袜帅哥醉酒被,CAT-002,影视与娱乐内容查询
68,韩国车模女团ppl,CAT-002,影视与娱乐内容查询
89,女扮男装被误会男儿身,CAT-002,影视与娱乐内容查询
101,民间小调傻子结婚下集,CAT-002,影视与娱乐内容查询
102,男人亲爱人,CAT-002,影视与娱乐内容查询
105,霸道总裁抢婚,CAT-002,影视与娱乐内容查询
112,王子文隐婚,CAT-002,影视与娱乐内容查询
113,吴秀波吻,CAT-002,影视与娱乐内容查询
123,成功少女,CAT-002,影视与娱乐内容查询
130,所有女生羽毛挠脚心,CAT-002,影视与娱乐内容查询
156,周润发吴家丽,CAT-002,影视与娱乐内容查询
166,审讯女人,CAT-002,影视与娱乐内容查询
179,妈妈咪呀丑媳妇倒追帅气老公,CAT-002,影视与娱乐内容查询
191,美女车模大姨妈漏了,CAT-002,影视与娱乐内容查询
200,舞法天女朵法拉魔法天女朵法拉,CAT-002,影视与娱乐内容查询
212,女人想跟男人睡在一起,CAT-002,影视与娱乐内容查询
223,我的女友有点彪,CAT-002,影视与娱乐内容查询
227,老板夫人,CAT-002,影视与娱乐内容查询
228,男子把美女带回家喝她的奶波,CAT-002,影视与娱乐内容查询
230,美女喜欢龟大的美男,CAT-002,影视与娱乐内容查询
255,汤女,CAT-002,影视与娱乐内容查询
258,大学生被欺负决定退学,CAT-002,影视与娱乐内容查询
264,哥哥的屁股被妹妹打,CAT-002,影视与娱乐内容查询
278,男女吻胸上床亲吻,CAT-002,影视与娱乐内容查询
307,实拍被强奸,CAT-002,影视与娱乐内容查询
320,风流才子,CAT-002,影视与娱乐内容查询
321,女性向动漫,CAT-002,影视与娱乐内容查询
323,大排量摩托女骑士,CAT-002,影视与娱乐内容查询
334,男人把女人衣服弄下来,CAT-002,影视与娱乐内容查询
340,呆妹儿小霸王直播6局匹配到同一人全程被喊老女人,CAT-002,影视与娱乐内容查询
341,欧洲美女光衣服,CAT-002,影视与娱乐内容查询
353,嫁妆135,CAT-002,影视与娱乐内容查询
354,乾隆富察皇后甜蜜,CAT-002,影视与娱乐内容查询
377,美女大美胸诱惑男人,CAT-002,影视与娱乐内容查询
386,爱上琉璃苣女孩安娜,CAT-002,影视与娱乐内容查询
410,wwe女被爆桌,CAT-002,影视与娱乐内容查询
415,男子看到前女友买房子,CAT-002,影视与娱乐内容查询
448,帅哥美女在上床,CAT-002,影视与娱乐内容查询
450,主播丝袜热舞纸巾,CAT-002,影视与娱乐内容查询
456,男女挑逗视频,CAT-002,影视与娱乐内容查询
475,电梯里偷拍情侣学生,CAT-002,影视与娱乐内容查询
506,希茜公主,CAT-002,影视与娱乐内容查询
515,爆奶美女自拍,CAT-002,影视与娱乐内容查询
517,寡妇吻戏,CAT-002,影视与娱乐内容查询
529,农村放牛女孩买车下集,CAT-002,影视与娱乐内容查询
534,雨涵的情歌情人桥头,CAT-002,影视与娱乐内容查询
539,女用跳蛋阅读,CAT-002,影视与娱乐内容查询
543,日本丰熟女,CAT-002,影视与娱乐内容查询
544,谢谢你了姐姐的婚礼,CAT-002,影视与娱乐内容查询
560,抖音少妇,CAT-002,影视与娱乐内容查询
562,关于叶罗丽的星座,CAT-002,影视与娱乐内容查询
577,女于别动队,CAT-002,影视与娱乐内容查询
578,夜闯寡妇村激情,CAT-002,影视与娱乐内容查询
580,一个大学生被糟蹋了,CAT-002,影视与娱乐内容查询
586,中国人美国按摩,CAT-002,影视与娱乐内容查询
587,男人和女人一起上床干事变态,CAT-002,影视与娱乐内容查询
596,彼得老哥极度诱惑,CAT-002,影视与娱乐内容查询
599,虚荣炫富男友,CAT-002,影视与娱乐内容查询
600,美女胸顶钢筋,CAT-002,影视与娱乐内容查询
603,评弹三请樊梨花,CAT-002,影视与娱乐内容查询
605,赵越李萌萌,CAT-002,影视与娱乐内容查询
614,肌肉男群交,CAT-002,影视与娱乐内容查询
621,美国偶像whatarewords,CAT-002,影视与娱乐内容查询
631,男友取诮婚礼让女方父母登门下跪道谦,CAT-002,影视与娱乐内容查询
632,女波霸,CAT-002,影视与娱乐内容查询
633,叶罗丽娃改妆,CAT-002,影视与娱乐内容查询
635,遭蹋女人,CAT-002,影视与娱乐内容查询
656,小马宝莉的八秀,CAT-002,影视与娱乐内容查询
661,超美女形教师,CAT-002,影视与娱乐内容查询
680,日本鬼子亲吻,CAT-002,影视与娱乐内容查询
681,红河州女总裁被人当,CAT-002,影视与娱乐内容查询
688,爱的世只有你,CAT-002,影视与娱乐内容查询
689,外来媳妇本地郎之阿宗搬家,CAT-002,影视与娱乐内容查询
700,女歌手挠脚心,CAT-002,影视与娱乐内容查询
719,美女全身剃光,CAT-002,影视与娱乐内容查询
720,风中的承诺陈慧娴,CAT-002,影视与娱乐内容查询
723,男女要上床搞鸡,CAT-002,影视与娱乐内容查询
733,分手3,CAT-002,影视与娱乐内容查询
742,家政女皇2018咳嗽,CAT-002,影视与娱乐内容查询
743,我的世界女孩,CAT-002,影视与娱乐内容查询
750,就那种同学聚会然后看不起人的视频,CAT-002,影视与娱乐内容查询
753,女人勿看控制不住,CAT-002,影视与娱乐内容查询
759,走进庄稼院里的年轻人,CAT-002,影视与娱乐内容查询
791,在ktv里的女生会被男生干些什么,CAT-002,影视与娱乐内容查询
792,南大接吻,CAT-002,影视与娱乐内容查询
794,夜倾情冤冤相报,CAT-002,影视与娱乐内容查询
800,这名男子,CAT-002,影视与娱乐内容查询
803,委屈嫁给不爱的人洞房花烛夜尴尬,CAT-002,影视与娱乐内容查询
809,奥特之母诱惑,CAT-002,影视与娱乐内容查询
823,蔡学珍美酒醉三天,CAT-002,影视与娱乐内容查询
831,贵州山歌重男轻女要不得,CAT-002,影视与娱乐内容查询
846,同性恋女互摸,CAT-002,影视与娱乐内容查询
849,外国大幅度激情吻戏,CAT-002,影视与娱乐内容查询
882,花心甜心,CAT-002,影视与娱乐内容查询
883,名人美人鱼,CAT-002,影视与娱乐内容查询
891,三亚阳光外景水下婚纱照,CAT-002,影视与娱乐内容查询
911,韩国美女吃蜂巢蜜,CAT-002,影视与娱乐内容查询
912,韩国女子健美2018,CAT-002,影视与娱乐内容查询
913,沉寂的老爱情,CAT-002,影视与娱乐内容查询
916,女人喂男人奶,CAT-002,影视与娱乐内容查询
917,在英国上床,CAT-002,影视与娱乐内容查询
926,美女的奶被看到了,CAT-002,影视与娱乐内容查询
956,微微一笑很倾城里面的亲吻,CAT-002,影视与娱乐内容查询
963,24岁妹子要告白一见钟情的小伙子门打开那一刻她流泪了,CAT-002,影视与娱乐内容查询
967,少男少女ek ladka ek ladki 1992,CAT-002,影视与娱乐内容查询
977,外来媳妇本地郎1493,CAT-002,影视与娱乐内容查询
986,yy美女憋尿,CAT-002,影视与娱乐内容查询
987,杨钰莹小妹甜甜甜,CAT-002,影视与娱乐内容查询
991,厨房激情上床,CAT-002,影视与娱乐内容查询
997,美女帅哥丝袜,CAT-002,影视与娱乐内容查询
50,uygirqa kizikarlik,CAT-002,影视与娱乐内容查询
363,uygurqanahxaalamlar,CAT-002,影视与娱乐内容查询
394,kartonmuzhanix,CAT-002,影视与娱乐内容查询
492,uygurqa wusug,CAT-002,影视与娱乐内容查询
693,uyhurqe keno,CAT-002,影视与娱乐内容查询
919,uygurqa 520,CAT-002,影视与娱乐内容查询
0,陈翔六点半球球和蘑菇头,CAT-002,影视与娱乐内容查询
11,台球蛇彩,CAT-002,影视与娱乐内容查询
115,腾龙1530,CAT-002,影视与娱乐内容查询
136,己是香港明日,CAT-002,影视与娱乐内容查询
237,幸福的日子敲着过,CAT-002,影视与娱乐内容查询
245,太湖美太极扇,CAT-002,影视与娱乐内容查询
257,日本三光正册,CAT-002,影视与娱乐内容查询
296,等着纯,CAT-002,影视与娱乐内容查询
338,太阳系金星,CAT-002,影视与娱乐内容查询
419,游鸿明现场,CAT-002,影视与娱乐内容查询
423,连成拜年,CAT-002,影视与娱乐内容查询
439,消愁点评,CAT-002,影视与娱乐内容查询
473,上海一家四囗人的变形计,CAT-002,影视与娱乐内容查询
482,梅罗时代结束,CAT-002,影视与娱乐内容查询
488,2017大真探,CAT-002,影视与娱乐内容查询
526,纪念老佛爷八十大寿纪念,CAT-002,影视与娱乐内容查询
663,悠悠球yamaki,CAT-002,影视与娱乐内容查询
685,兴平念经,CAT-002,影视与娱乐内容查询
692,德云社封箱庆典2013,CAT-002,影视与娱乐内容查询
697,创造101面试,CAT-002,影视与娱乐内容查询
762,empress of china 20,CAT-002,影视与娱乐内容查询
767,雪岭熊峰,CAT-002,影视与娱乐内容查询
777,信鸽,CAT-002,影视与娱乐内容查询
784,二级西门庆,CAT-002,影视与娱乐内容查询
805,日b黄色,CAT-002,影视与娱乐内容查询
806,远思大大,CAT-002,影视与娱乐内容查询
808,新东方初三作文美好品德,CAT-002,影视与娱乐内容查询
853,天天向上20151106,CAT-002,影视与娱乐内容查询
875,白凯南方清平,CAT-002,影视与娱乐内容查询
887,黄磊领奖,CAT-002,影视与娱乐内容查询
897,苗族山歌贵州苗族山歌晴隆,CAT-002,影视与娱乐内容查询
932,变形计20150504,CAT-002,影视与娱乐内容查询
942,loz积木皮卡丘,CAT-002,影视与娱乐内容查询
969,幸运三颗,CAT-002,影视与娱乐内容查询
992,欢乐送二,CAT-002,影视与娱乐内容查询
429,完美国际mo,CAT-002,影视与娱乐内容查询
716,晓说欧洲尽头,CAT-002,影视与娱乐内容查询
559,籽岷的多人模组挑战奔跑吧2016,CAT-002,影视与娱乐内容查询
645,20150708running man,CAT-002,影视与娱乐内容查询
260,gg彩虹六号围攻,CAT-002,影视与娱乐内容查询
746,2016小沈龙脱口秀,CAT-002,影视与娱乐内容查询
615,耳畔中国第2季,CAT-002,影视与娱乐内容查询
103,孟鹤堂2018 7 4,CAT-002,影视与娱乐内容查询
401,yy小耳朵2018 7,CAT-002,影视与娱乐内容查询
462,running man 郑恩地,CAT-002,影视与娱乐内容查询
127,奉腔名家康建海,CAT-002,影视与娱乐内容查询
134,汪涵讲各地方言,CAT-002,影视与娱乐内容查询
218,似以故人来,CAT-002,影视与娱乐内容查询
811,歌谭镇,CAT-002,影视与娱乐内容查询
843,祖国颂栾恺词,CAT-002,影视与娱乐内容查询
220,浪子吴迪直播回放2017,CAT-002,影视与娱乐内容查询
796,祁天道直播回放2018年,CAT-002,影视与娱乐内容查询
283,英语ted2018,CAT-002,影视与娱乐内容查询
147,屌德斯躲避撞击,CAT-002,影视与娱乐内容查询
392,大震撼,CAT-002,影视与娱乐内容查询
503,恐怖游泳,CAT-002,影视与娱乐内容查询
530,肇事逃逸自首,CAT-002,影视与娱乐内容查询
822,红色警戒3泰伯利亚战争,CAT-002,影视与娱乐内容查询
735,exid mv,CAT-002,影视与娱乐内容查询
525,xinfuguilai,CAT-002,影视与娱乐内容查询
927,gigli,CAT-002,影视与娱乐内容查询
440,拉公猪,CAT-002,影视与娱乐内容查询
554,周六夜现场鹏程,CAT-002,影视与娱乐内容查询
16,环太平洋麻子发出的消息是什么,CAT-002,影视与娱乐内容查询
568,红海微动,CAT-002,影视与娱乐内容查询
380,宋威龙机场,CAT-002,影视与娱乐内容查询
198,罗通扫北,CAT-002,影视与娱乐内容查询
413,runningnan金钟国,CAT-002,影视与娱乐内容查询
780,丹尼斯戴刘易斯,CAT-002,影视与娱乐内容查询
72,caster 达人秀,CAT-002,影视与娱乐内容查询
97,西博会车模,CAT-002,影视与娱乐内容查询
738,pagani zonda,CAT-002,影视与娱乐内容查询
54,这就是铁甲回放,CAT-002,影视与娱乐内容查询
348,七夕节小品视频,CAT-002,影视与娱乐内容查询
71,红河州新闻,CAT-002,影视与娱乐内容查询
234,台湾谈大陆网红,CAT-002,影视与娱乐内容查询
261,鹿晗邓超采访视频,CAT-002,影视与娱乐内容查询
950,珠江台今日关注新闻,CAT-002,影视与娱乐内容查询
418,楚乔传life,CAT-002,影视与娱乐内容查询
939,赵本山作品集,CAT-002,影视与娱乐内容查询
161,平安365孽债,CAT-002,影视与娱乐内容查询
235,郑少秋康熙来了,CAT-002,影视与娱乐内容查询
444,南志铉,CAT-002,影视与娱乐内容查询
466,杨颖朱正廷,CAT-002,影视与娱乐内容查询
915,张无忌张三丰,CAT-002,影视与娱乐内容查询
205,薛平贵与王宝钏叶青,CAT-002,影视与娱乐内容查询
819,张子枫刘宪华,CAT-002,影视与娱乐内容查询
411,张云雷818返场,CAT-002,影视与娱乐内容查询
511,20140222张云雷,CAT-002,影视与娱乐内容查询
658,http www yehualu ws,CAT-002,影视与娱乐内容查询
3,国外中国人爱国人事国歌大合唱视频,CAT-003,音乐与舞蹈相关内容
6,慢四基本步和花样,CAT-003,音乐与舞蹈相关内容
9,中国舞六级考级舞蹈视频小鱼的自白,CAT-003,音乐与舞蹈相关内容
18,dj游装美女歌曲,CAT-003,音乐与舞蹈相关内容
25,新秀歌唱大赛,CAT-003,音乐与舞蹈相关内容
27,杭州莉莉广场舞,CAT-003,音乐与舞蹈相关内容
43,金曲捞之挑战主打歌第二季刘宁宁,CAT-003,音乐与舞蹈相关内容
45,一起走天崖扇子舞,CAT-003,音乐与舞蹈相关内容
52,韩国首尔国际现代舞比赛,CAT-003,音乐与舞蹈相关内容
56,二轮草歌曲,CAT-003,音乐与舞蹈相关内容
64,伴奏歌曲毛主席的书我最爱续,CAT-003,音乐与舞蹈相关内容
65,跷界歌王,CAT-003,音乐与舞蹈相关内容
66,岳云鹏经典相声,CAT-003,音乐与舞蹈相关内容
76,教维吾尔族舞蹈男女,CAT-003,音乐与舞蹈相关内容
77,杨颖紧身牛仔裤热舞,CAT-003,音乐与舞蹈相关内容
84,今生爱的就你广场舞,CAT-003,音乐与舞蹈相关内容
100,跨界歌王邓伦安悦溪,CAT-003,音乐与舞蹈相关内容
120,太极拳背景音乐加长版梁祝,CAT-003,音乐与舞蹈相关内容
138,最流行外国减肥操,CAT-003,音乐与舞蹈相关内容
153,游牧情歌广场舞,CAT-003,音乐与舞蹈相关内容
154,陈奕迅演唱会与我常在,CAT-003,音乐与舞蹈相关内容
162,丽江手鼓初级教学视频,CAT-003,音乐与舞蹈相关内容
172,竹笛独奏南泥湾曲,CAT-003,音乐与舞蹈相关内容
175,广场舞队形舞迎酒欢歌,CAT-003,音乐与舞蹈相关内容
183,dj情歌王馨专辑,CAT-003,音乐与舞蹈相关内容
188,主播诱惑色舞,CAT-003,音乐与舞蹈相关内容
189,红楼梦里歌,CAT-003,音乐与舞蹈相关内容
201,dj美女舞曲姐姐我爱你,CAT-003,音乐与舞蹈相关内容
203,好声音jc陈泳,CAT-003,音乐与舞蹈相关内容
211,老外锁舞基础教学2,CAT-003,音乐与舞蹈相关内容
215,性感美女舞dj 美丽的遇见背面,CAT-003,音乐与舞蹈相关内容
219,年会拉丁舞表演,CAT-003,音乐与舞蹈相关内容
225,华坪乡音组合,CAT-003,音乐与舞蹈相关内容
226,stellar刺痛舞蹈教学,CAT-003,音乐与舞蹈相关内容
248,广场舞红玫瑰丽萍三步,CAT-003,音乐与舞蹈相关内容
256,恵水连江快乐舞歩健身操第一套,CAT-003,音乐与舞蹈相关内容
263,2012年安徽春节联欢晚会,CAT-003,音乐与舞蹈相关内容
275,一站到底秦九歌,CAT-003,音乐与舞蹈相关内容
277,中国舞蹈家协会考级第2级亲爱的爸爸妈妈,CAT-003,音乐与舞蹈相关内容
292,健身操广场舞有氧健身操,CAT-003,音乐与舞蹈相关内容
299,重庆雅艺艺术学校,CAT-003,音乐与舞蹈相关内容
311,男子群舞汉族,CAT-003,音乐与舞蹈相关内容
322,yg演唱会,CAT-003,音乐与舞蹈相关内容
329,中国好声音第1季5期,CAT-003,音乐与舞蹈相关内容
330,蓓蕾幼儿舞蹈娃哈哈,CAT-003,音乐与舞蹈相关内容
349,在琴广场舞拉手手亲口口背面演示,CAT-003,音乐与舞蹈相关内容
358,2017中文舞曲串烧,CAT-003,音乐与舞蹈相关内容
388,洛天依僵尸舞mv,CAT-003,音乐与舞蹈相关内容
391,安和桥翻唱,CAT-003,音乐与舞蹈相关内容
396,动动广场爱你每一天,CAT-003,音乐与舞蹈相关内容
397,祁隆铃声抖音舞又见山里红,CAT-003,音乐与舞蹈相关内容
409,郑恺孙骁骁舞动奇迹,CAT-003,音乐与舞蹈相关内容
414,静静最近广场舞,CAT-003,音乐与舞蹈相关内容
422,广舞算什么,CAT-003,音乐与舞蹈相关内容
425,张惠萍广场舞吉祥,CAT-003,音乐与舞蹈相关内容
427,湖北刘锋广场舞爱着你完着你,CAT-003,音乐与舞蹈相关内容
434,二十步广场舞初学,CAT-003,音乐与舞蹈相关内容
441,新南村花儿舞蹈队那一夜,CAT-003,音乐与舞蹈相关内容
447,小猪佩奇画水果歌,CAT-003,音乐与舞蹈相关内容
465,杨少华相声大全,CAT-003,音乐与舞蹈相关内容
480,中国舞蹈考级一级第四版本,CAT-003,音乐与舞蹈相关内容
481,呃锦灿灿广场舞错过了缘分错过了你,CAT-003,音乐与舞蹈相关内容
489,街头艺人笛子,CAT-003,音乐与舞蹈相关内容
493,广场舞犁山痴情花,CAT-003,音乐与舞蹈相关内容
513,爵士少儿舞蹈,CAT-003,音乐与舞蹈相关内容
522,2018年8月7号汝城濂溪广场舞,CAT-003,音乐与舞蹈相关内容
531,老年秧歌舞,CAT-003,音乐与舞蹈相关内容
532,超火广场舞花桥流水32步,CAT-003,音乐与舞蹈相关内容
547,奏时丽人明时月心天明,CAT-003,音乐与舞蹈相关内容
552,廖弟广场舞伦走情未冷,CAT-003,音乐与舞蹈相关内容
563,吉美广场舞水兵,CAT-003,音乐与舞蹈相关内容
581,我的世界歌曲正版歌,CAT-003,音乐与舞蹈相关内容
589,that girl弹唱教学,CAT-003,音乐与舞蹈相关内容
590,贵州民间小调十二月拐妹山歌下,CAT-003,音乐与舞蹈相关内容
592,范冰冰获奖视频,CAT-003,音乐与舞蹈相关内容
595,蝶泳慢,CAT-003,音乐与舞蹈相关内容
604,中国新说唱青华学霸,CAT-003,音乐与舞蹈相关内容
606,王俊凯王源和易烊千玺的歌,CAT-003,音乐与舞蹈相关内容
617,快乐小舞星三,CAT-003,音乐与舞蹈相关内容
624,广场舞教学青山绿水广场舞教学爱注定要分手,CAT-003,音乐与舞蹈相关内容
651,商丘市艳丽豫剧团,CAT-003,音乐与舞蹈相关内容
653,广场舞2017最新广场舞哥哥妹妹,CAT-003,音乐与舞蹈相关内容
654,沙中珊瑚广场舞爱呀呀原创附教学2018,CAT-003,音乐与舞蹈相关内容
657,儿童歌小兔子乖乖,CAT-003,音乐与舞蹈相关内容
664,永川广场舞,CAT-003,音乐与舞蹈相关内容
668,三只小猪钢琴,CAT-003,音乐与舞蹈相关内容
672,婚誓葫芦丝降b调,CAT-003,音乐与舞蹈相关内容
686,1一3岁儿童学舞蹈,CAT-003,音乐与舞蹈相关内容
687,舞蹈客家,CAT-003,音乐与舞蹈相关内容
690,中国进入新时代广场舞,CAT-003,音乐与舞蹈相关内容
694,跳舞二级咯咯咯,CAT-003,音乐与舞蹈相关内容
715,偶像练习生陈立农firewaing导师验收,CAT-003,音乐与舞蹈相关内容
717,少儿独舞汉族,CAT-003,音乐与舞蹈相关内容
721,我的楼兰dj慢摇舞随心动,CAT-003,音乐与舞蹈相关内容
725,德云三宝相声专场大连,CAT-003,音乐与舞蹈相关内容
741,年老跳广场舞,CAT-003,音乐与舞蹈相关内容
744,香河广场府前中老年舞步健身操,CAT-003,音乐与舞蹈相关内容
749,双人慢三舞,CAT-003,音乐与舞蹈相关内容
751,郭德纲于谦相声十年精品集,CAT-003,音乐与舞蹈相关内容
763,广场舞采红菱16步,CAT-003,音乐与舞蹈相关内容
785,河北青青广场舞错过缘分,CAT-003,音乐与舞蹈相关内容
810,电子琴考级曲目示范演奏,CAT-003,音乐与舞蹈相关内容
812,舞动的人鱼,CAT-003,音乐与舞蹈相关内容
815,性感美女跳舞牛皮裤,CAT-003,音乐与舞蹈相关内容
816,快乐小舞星一星刷牙啦,CAT-003,音乐与舞蹈相关内容
818,文er跳舞,CAT-003,音乐与舞蹈相关内容
825,拍拍乐第十四套健身操,CAT-003,音乐与舞蹈相关内容
837,溜冰的女孩钢琴曲,CAT-003,音乐与舞蹈相关内容
839,韩国dj版,CAT-003,音乐与舞蹈相关内容
870,女子独舞外婆湾,CAT-003,音乐与舞蹈相关内容
888,火山视频小八王八一八二八三八四八五八六鬼步舞,CAT-003,音乐与舞蹈相关内容
890,最新女主播热舞,CAT-003,音乐与舞蹈相关内容
892,花与影广场舞荞麦花扇子舞,CAT-003,音乐与舞蹈相关内容
895,灵魂歌手梁博,CAT-003,音乐与舞蹈相关内容
903,少儿群舞拿伞的,CAT-003,音乐与舞蹈相关内容
924,舞指琴行,CAT-003,音乐与舞蹈相关内容
933,慢三双人舞歌曲,CAT-003,音乐与舞蹈相关内容
940,维族舞蹈组群舞,CAT-003,音乐与舞蹈相关内容
951,法国巴黎歌剧院,CAT-003,音乐与舞蹈相关内容
953,一级舞蹈玩娃娃,CAT-003,音乐与舞蹈相关内容
961,小老虎舞蹈,CAT-003,音乐与舞蹈相关内容
965,零基础学钢琴五线谱,CAT-003,音乐与舞蹈相关内容
981,傣族舞风花雪月,CAT-003,音乐与舞蹈相关内容
984,小小的乌篷船水兵舞,CAT-003,音乐与舞蹈相关内容
996,马力音乐5口是心非,CAT-003,音乐与舞蹈相关内容
999,宁波中山公园应小英唱越剧,CAT-003,音乐与舞蹈相关内容
118,斯琴杭茹,CAT-003,音乐与舞蹈相关内容
137,告白气球钢琴吉他,CAT-003,音乐与舞蹈相关内容
274,只用吉他弹,CAT-003,音乐与舞蹈相关内容
365,马丁对比gibson,CAT-003,音乐与舞蹈相关内容
436,淘宝乐器爱尔兰木长笛,CAT-003,音乐与舞蹈相关内容
507,bp rania start a fire饭拍,CAT-003,音乐与舞蹈相关内容
486,火花火红,CAT-003,音乐与舞蹈相关内容
781,rain song,CAT-003,音乐与舞蹈相关内容
833,jojo op,CAT-003,音乐与舞蹈相关内容
954,郝浩涵安和桥,CAT-003,音乐与舞蹈相关内容
1,制作芭比娃娃的房子,CAT-004,儿童与家庭娱乐内容
13,消防车蜘蛛,CAT-004,儿童与家庭娱乐内容
19,为奴十三年第2季,CAT-004,儿童与家庭娱乐内容
28,小钢炮的乡村生活,CAT-004,儿童与家庭娱乐内容
31,看奥特曼怪兽呀,CAT-004,儿童与家庭娱乐内容
36,二人转七少红,CAT-004,儿童与家庭娱乐内容
38,悟空的朋友,CAT-004,儿童与家庭娱乐内容
39,博人传打斗,CAT-004,儿童与家庭娱乐内容
40,火蓝刀锋蒋小鱼研究地图,CAT-004,儿童与家庭娱乐内容
41,与古兽同行,CAT-004,儿童与家庭娱乐内容
49,风之刀27,CAT-004,儿童与家庭娱乐内容
51,延禧攻略尔晴之死,CAT-004,儿童与家庭娱乐内容
53,小伶玩具解说coco幽闭和jojo,CAT-004,儿童与家庭娱乐内容
55,边关风火情,CAT-004,儿童与家庭娱乐内容
59,龙珠之悟空归来,CAT-004,儿童与家庭娱乐内容
75,大追歼,CAT-004,儿童与家庭娱乐内容
79,我的世界全集多人,CAT-004,儿童与家庭娱乐内容
80,海底小纵队之澡门游狭,CAT-004,儿童与家庭娱乐内容
81,廷禧攻略皇帝,CAT-004,儿童与家庭娱乐内容
83,熊大熊二小时候的那种,CAT-004,儿童与家庭娱乐内容
88,白龙马蹄儿朝西,CAT-004,儿童与家庭娱乐内容
90,汤姆猫好游戏,CAT-004,儿童与家庭娱乐内容
91,小伶玩具日本食玩之七彩调色盘,CAT-004,儿童与家庭娱乐内容
93,喜羊羊与灰太狼羊羊小侦探全集,CAT-004,儿童与家庭娱乐内容
94,小新二岁的时候威胁美冴买玩具,CAT-004,儿童与家庭娱乐内容
98,精灵旗社3,CAT-004,儿童与家庭娱乐内容
99,哈喽葡星人之极训特工第三季,CAT-004,儿童与家庭娱乐内容
104,小小建筑工哲爷和成哥,CAT-004,儿童与家庭娱乐内容
108,迷你世界汤米清水找地牢记,CAT-004,儿童与家庭娱乐内容
110,凹凸世界第一季,CAT-004,儿童与家庭娱乐内容
117,清水汤米恐怖游戏,CAT-004,儿童与家庭娱乐内容
124,小猪佩奇给我,CAT-004,儿童与家庭娱乐内容
131,迷你世界奥特,CAT-004,儿童与家庭娱乐内容
132,光头强恐龙化石,CAT-004,儿童与家庭娱乐内容
142,叶罗丽精灵漫第九季,CAT-004,儿童与家庭娱乐内容
144,王者荣耀久一点的视频王者,CAT-004,儿童与家庭娱乐内容
148,迷你世界汤米清水零星港湾,CAT-004,儿童与家庭娱乐内容
150,乌龟忍者神龟第一季,CAT-004,儿童与家庭娱乐内容
158,好好玩,CAT-004,儿童与家庭娱乐内容
159,迷你世界怎么驯服萌眼叮叮铛,CAT-004,儿童与家庭娱乐内容
163,mc动画行尸走块,CAT-004,儿童与家庭娱乐内容
168,金色的秋光伤逝,CAT-004,儿童与家庭娱乐内容
170,小黑vs,CAT-004,儿童与家庭娱乐内容
171,我的世界001小和尚,CAT-004,儿童与家庭娱乐内容
181,雄狮国语,CAT-004,儿童与家庭娱乐内容
184,新福音战士国语,CAT-004,儿童与家庭娱乐内容
187,我的世界之地狱战斗,CAT-004,儿童与家庭娱乐内容
192,动物世界之马,CAT-004,儿童与家庭娱乐内容
195,乌龙院之活宝传奇2李,CAT-004,儿童与家庭娱乐内容
196,同床异梦2你是我的命运180618,CAT-004,儿童与家庭娱乐内容
199,木乃伊侦探,CAT-004,儿童与家庭娱乐内容
204,星球大战愤怒小鸟,CAT-004,儿童与家庭娱乐内容
209,海底小纵队和圣诞节,CAT-004,儿童与家庭娱乐内容
210,大海解说我的世界奥特曼他们打算直达六钻石大陆,CAT-004,儿童与家庭娱乐内容
214,迷你世界金奥特曼,CAT-004,儿童与家庭娱乐内容
216,惊天动地余淳,CAT-004,儿童与家庭娱乐内容
217,档案之白宝山,CAT-004,儿童与家庭娱乐内容
222,风水世家44,CAT-004,儿童与家庭娱乐内容
224,我的世界吊鱼机,CAT-004,儿童与家庭娱乐内容
233,小枫的生存之旅辐射4ep3,CAT-004,儿童与家庭娱乐内容
236,老白我的世界方块e家宝可梦,CAT-004,儿童与家庭娱乐内容
240,海贼王可动手办,CAT-004,儿童与家庭娱乐内容
242,暴力街区13终极2,CAT-004,儿童与家庭娱乐内容
243,红蜻蜓绿蝈蝈,CAT-004,儿童与家庭娱乐内容
246,皇帝内经养生大论,CAT-004,儿童与家庭娱乐内容
265,魔先传说,CAT-004,儿童与家庭娱乐内容
266,怪兽学院我的世界绝地求生,CAT-004,儿童与家庭娱乐内容
267,蛇妖生蛋,CAT-004,儿童与家庭娱乐内容
272,迷你世界第二李,CAT-004,儿童与家庭娱乐内容
279,79版雪山飞狐,CAT-004,儿童与家庭娱乐内容
281,雷惊鸿杀了刀无痕,CAT-004,儿童与家庭娱乐内容
293,密室逃脱真人,CAT-004,儿童与家庭娱乐内容
294,森化危机,CAT-004,儿童与家庭娱乐内容
301,雷军一团火,CAT-004,儿童与家庭娱乐内容
302,萌妃驾到小说,CAT-004,儿童与家庭娱乐内容
303,粉墨王侯,CAT-004,儿童与家庭娱乐内容
305,海底小纵队奇妙小世界,CAT-004,儿童与家庭娱乐内容
306,naxx狂暴战视频,CAT-004,儿童与家庭娱乐内容
310,终极三国第20,CAT-004,儿童与家庭娱乐内容
312,疯狂动物园马赛狮召唤,CAT-004,儿童与家庭娱乐内容
313,僵尸道长二国语鬼太后,CAT-004,儿童与家庭娱乐内容
314,植物大战僵尸迷,CAT-004,儿童与家庭娱乐内容
315,超元次偶像王鹤棣宋茜,CAT-004,儿童与家庭娱乐内容
316,乐高植物大战僵尸各种玩具,CAT-004,儿童与家庭娱乐内容
319,小本的求生之路第二章,CAT-004,儿童与家庭娱乐内容
326,迷你世界魔书,CAT-004,儿童与家庭娱乐内容
327,天乩之白蛇传说小青吻戏,CAT-004,儿童与家庭娱乐内容
328,我的世界游戏第2季,CAT-004,儿童与家庭娱乐内容
331,楚河解说战神,CAT-004,儿童与家庭娱乐内容
332,王者荣耀合集,CAT-004,儿童与家庭娱乐内容
336,小蟾童,CAT-004,儿童与家庭娱乐内容
339,白雪公主与白雪王子的世界,CAT-004,儿童与家庭娱乐内容
350,新世界英文版,CAT-004,儿童与家庭娱乐内容
355,吊德斯解说方丹生存进化,CAT-004,儿童与家庭娱乐内容
366,天下dota人物篇,CAT-004,儿童与家庭娱乐内容
368,小猪背鳍玩具,CAT-004,儿童与家庭娱乐内容
372,百家碎戏陕西方言,CAT-004,儿童与家庭娱乐内容
373,我王泽就是饿死,CAT-004,儿童与家庭娱乐内容
375,幕后玩家19国语,CAT-004,儿童与家庭娱乐内容
382,电玩快打欧弟,CAT-004,儿童与家庭娱乐内容
389,巨神战击队最无力的小子,CAT-004,儿童与家庭娱乐内容
407,假面骑士555 33,CAT-004,儿童与家庭娱乐内容
421,绝地求生主播,CAT-004,儿童与家庭娱乐内容
426,星球大战之义军倔起,CAT-004,儿童与家庭娱乐内容
442,马全花儿大全,CAT-004,儿童与家庭娱乐内容
445,再见阿郎第1部清晰版第8集,CAT-004,儿童与家庭娱乐内容
449,活佛济公老版游本昌,CAT-004,儿童与家庭娱乐内容
458,局末我的世界奥特曼,CAT-004,儿童与家庭娱乐内容
460,夜市人生583 585集,CAT-004,儿童与家庭娱乐内容
464,小伶玩具你去哪儿,CAT-004,儿童与家庭娱乐内容
468,张军46种疑难杂,CAT-004,儿童与家庭娱乐内容
469,魔达我的世界火柴人,CAT-004,儿童与家庭娱乐内容
474,我的世界大海解店,CAT-004,儿童与家庭娱乐内容
476,大海你是狼人,CAT-004,儿童与家庭娱乐内容
478,龙胆虎威4国语,CAT-004,儿童与家庭娱乐内容
479,基萌markiplier饥荒联机版,CAT-004,儿童与家庭娱乐内容
484,一片烛光,CAT-004,儿童与家庭娱乐内容
485,恐龙恐龙对这着我的动画,CAT-004,儿童与家庭娱乐内容
490,站部小宝宝,CAT-004,儿童与家庭娱乐内容
491,我想看小魔仙,CAT-004,儿童与家庭娱乐内容
496,角落生物动画,CAT-004,儿童与家庭娱乐内容
498,多米仙女,CAT-004,儿童与家庭娱乐内容
501,斗龙战士4之撒旦魔龙,CAT-004,儿童与家庭娱乐内容
505,绝地求生全军出击了,CAT-004,儿童与家庭娱乐内容
508,狄仁杰之通天大楼,CAT-004,儿童与家庭娱乐内容
514,超轻粘土黑猫警长,CAT-004,儿童与家庭娱乐内容
518,逃跑吧少年送号,CAT-004,儿童与家庭娱乐内容
519,天天养生迷罗,CAT-004,儿童与家庭娱乐内容
520,黄金左手knight,CAT-004,儿童与家庭娱乐内容
523,虾米生存,CAT-004,儿童与家庭娱乐内容
527,大海解说鬼游戏,CAT-004,儿童与家庭娱乐内容
541,60暗牧pvp,CAT-004,儿童与家庭娱乐内容
542,捷德升华器玩具视频,CAT-004,儿童与家庭娱乐内容
545,快乐大本营流星花园是哪一期,CAT-004,儿童与家庭娱乐内容
549,一家大噻,CAT-004,儿童与家庭娱乐内容
553,同床异梦于晓光秋瓷炫回北京,CAT-004,儿童与家庭娱乐内容
556,小熙解说沙死火柴人,CAT-004,儿童与家庭娱乐内容
567,屌德斯小熙山羊模拟器,CAT-004,儿童与家庭娱乐内容
569,神奇公寓,CAT-004,儿童与家庭娱乐内容
570,金庄鬼打鬼国语,CAT-004,儿童与家庭娱乐内容
572,歌曲龙的传人,CAT-004,儿童与家庭娱乐内容
573,叨叨视界外星人,CAT-004,儿童与家庭娱乐内容
582,我的世界宝贝求旦,CAT-004,儿童与家庭娱乐内容
588,球球大作战战金龙,CAT-004,儿童与家庭娱乐内容
594,梦之队第13套演示全部分解动作,CAT-004,儿童与家庭娱乐内容
597,随风荒岛特训解说,CAT-004,儿童与家庭娱乐内容
601,能看见鬼的刑警处容210,CAT-004,儿童与家庭娱乐内容
608,一号皇庭所有粤语版,CAT-004,儿童与家庭娱乐内容
613,高能少年团捉迷,CAT-004,儿童与家庭娱乐内容
616,王立群之史记,CAT-004,儿童与家庭娱乐内容
619,时空小涵我的世界原味生存,CAT-004,儿童与家庭娱乐内容
622,倒霉熊乘杯旅行,CAT-004,儿童与家庭娱乐内容
629,我的世界天骐侏罗纪公园第二集,CAT-004,儿童与家庭娱乐内容
630,屌德斯解说和小熙解说喵,CAT-004,儿童与家庭娱乐内容
634,穿越火线刀锋玩偶,CAT-004,儿童与家庭娱乐内容
636,绝世双骄第二集,CAT-004,儿童与家庭娱乐内容
637,迷失森林攻略,CAT-004,儿童与家庭娱乐内容
638,恐龙王朝4,CAT-004,儿童与家庭娱乐内容
641,新水浒传石秀,CAT-004,儿童与家庭娱乐内容
648,流星花园第18集,CAT-004,儿童与家庭娱乐内容
650,米米世界妈爸,CAT-004,儿童与家庭娱乐内容
652,变形金刚玩具拼装,CAT-004,儿童与家庭娱乐内容
667,爸爸去哪儿第5季吴尊切蒜,CAT-004,儿童与家庭娱乐内容
670,整蛊专家走路,CAT-004,儿童与家庭娱乐内容
674,玩具车视频挖土,CAT-004,儿童与家庭娱乐内容
675,奔跑吧兄弟第一日,CAT-004,儿童与家庭娱乐内容
679,柔力球李翠芳十八洞的月光第一节,CAT-004,儿童与家庭娱乐内容
682,新魔力玩具学校新魔力玩具学校小伶玩具,CAT-004,儿童与家庭娱乐内容
684,阅览世界的老人,CAT-004,儿童与家庭娱乐内容
691,八喜临门粤语版,CAT-004,儿童与家庭娱乐内容
696,天下父母心第六,CAT-004,儿童与家庭娱乐内容
707,爱丽和玩具朋友们凯利和玩具朱莉和玩具是朋友们,CAT-004,儿童与家庭娱乐内容
708,屌德斯小熙roblo自然灾害模拟器,CAT-004,儿童与家庭娱乐内容
710,我的世界幸运方块1季,CAT-004,儿童与家庭娱乐内容
711,三生三世石里桃花,CAT-004,儿童与家庭娱乐内容
712,杨春扫雪秋去冬来天地寒,CAT-004,儿童与家庭娱乐内容
726,总我爹地超给力,CAT-004,儿童与家庭娱乐内容
731,战地之王ak47,CAT-004,儿童与家庭娱乐内容
737,各种奥特曼玩具,CAT-004,儿童与家庭娱乐内容
755,十二之夜,CAT-004,儿童与家庭娱乐内容
768,小猪和祥云解说,CAT-004,儿童与家庭娱乐内容
770,绝地求生吃鸡哥哥,CAT-004,儿童与家庭娱乐内容
771,四大奇案,CAT-004,儿童与家庭娱乐内容
775,变形记小黑,CAT-004,儿童与家庭娱乐内容
778,老九门解读,CAT-004,儿童与家庭娱乐内容
798,一起看星星,CAT-004,儿童与家庭娱乐内容
802,西游记少年版,CAT-004,儿童与家庭娱乐内容
804,小说童林传,CAT-004,儿童与家庭娱乐内容
807,紫雨carol穹之扉,CAT-004,儿童与家庭娱乐内容
820,新大头儿子和小头爸爸英雄之,CAT-004,儿童与家庭娱乐内容
821,大海解说神奇青蛙28,CAT-004,儿童与家庭娱乐内容
832,迷你世界小丁,CAT-004,儿童与家庭娱乐内容
840,绝地求生98k音乐,CAT-004,儿童与家庭娱乐内容
844,科幻战斗机,CAT-004,儿童与家庭娱乐内容
845,我的a梦,CAT-004,儿童与家庭娱乐内容
850,i雪奇缘,CAT-004,儿童与家庭娱乐内容
851,刺激战场神装特训,CAT-004,儿童与家庭娱乐内容
852,野蛮皇纪,CAT-004,儿童与家庭娱乐内容
854,小马宝莉友谊的魔力3,CAT-004,儿童与家庭娱乐内容
857,英文小天才家庭成员,CAT-004,儿童与家庭娱乐内容
858,外挂pk外挂绝地求生,CAT-004,儿童与家庭娱乐内容
860,识骨寻踪第一季ep06,CAT-004,儿童与家庭娱乐内容
863,王者荣耀花木兰去衣图,CAT-004,儿童与家庭娱乐内容
864,小幻与冲冲第二部,CAT-004,儿童与家庭娱乐内容
874,哈士奇吃狗肉了,CAT-004,儿童与家庭娱乐内容
877,植物大战僵尸2西瓜投手,CAT-004,儿童与家庭娱乐内容
893,金秘书为什么会这样第15集预告,CAT-004,儿童与家庭娱乐内容
894,sci迷案集20集,CAT-004,儿童与家庭娱乐内容
898,六臂阿修罗第三章,CAT-004,儿童与家庭娱乐内容
900,有人吃过最大的蜘蛛吗,CAT-004,儿童与家庭娱乐内容
901,亮亮和晶晶神奇的魔法精灵,CAT-004,儿童与家庭娱乐内容
902,征服三,CAT-004,儿童与家庭娱乐内容
905,小羊小恩,CAT-004,儿童与家庭娱乐内容
906,模拟人生4杀人,CAT-004,儿童与家庭娱乐内容
909,威化食玩,CAT-004,儿童与家庭娱乐内容
910,我的世界如果铁傀儡是坏的,CAT-004,儿童与家庭娱乐内容
922,我的世界四一只小僵尸游戏,CAT-004,儿童与家庭娱乐内容
925,汪涵易烊千玺,CAT-004,儿童与家庭娱乐内容
928,拼击之王反击,CAT-004,儿童与家庭娱乐内容
934,宠物小精灵第二季151,CAT-004,儿童与家庭娱乐内容
935,一转成双小三挑衅原配,CAT-004,儿童与家庭娱乐内容
937,驭龙高手第一季,CAT-004,儿童与家庭娱乐内容
938,女松闲小宝小品打劫,CAT-004,儿童与家庭娱乐内容
943,星海争霸,CAT-004,儿童与家庭娱乐内容
949,mk小伶玩具,CAT-004,儿童与家庭娱乐内容
952,恐龙世界恐龙世界恐龙世界恐龙世界恐龙世界恐龙世界,CAT-004,儿童与家庭娱乐内容
958,东方神娃2第29集,CAT-004,儿童与家庭娱乐内容
962,通灵之战第16季第五集,CAT-004,儿童与家庭娱乐内容
964,俐斧巨人,CAT-004,儿童与家庭娱乐内容
968,下载人兽恋,CAT-004,儿童与家庭娱乐内容
970,奔跑吧兄弟第三纪男女对抗赛,CAT-004,儿童与家庭娱乐内容
973,菜小花的远大前程,CAT-004,儿童与家庭娱乐内容
975,人大怪才,CAT-004,儿童与家庭娱乐内容
976,猪猪侠之竞球小英雄精编版1,CAT-004,儿童与家庭娱乐内容
982,精灵宝可梦太阳月亮822,CAT-004,儿童与家庭娱乐内容
988,我们家的相在希望的田野上,CAT-004,儿童与家庭娱乐内容
994,亲子时刻ios版,CAT-004,儿童与家庭娱乐内容
46,儿童扭伤脚,CAT-004,儿童与家庭娱乐内容
47,上学迟到被打屁屁,CAT-004,儿童与家庭娱乐内容
87,难产推肚子,CAT-004,儿童与家庭娱乐内容
151,哺乳奥特曼,CAT-004,儿童与家庭娱乐内容
164,宝宝巴士画实景头发宝宝爸爸,CAT-004,儿童与家庭娱乐内容
173,用洗洁精和和鸡蛋做史莱姆,CAT-004,儿童与家庭娱乐内容
174,经理让秘书帮忙按肩,CAT-004,儿童与家庭娱乐内容
202,八路喝奶,CAT-004,儿童与家庭娱乐内容
208,懂事长洗车工,CAT-004,儿童与家庭娱乐内容
253,亲嘴靠b,CAT-004,儿童与家庭娱乐内容
270,一起学喵叫,CAT-004,儿童与家庭娱乐内容
271,单眼皮小眼睛怎么戴美瞳,CAT-004,儿童与家庭娱乐内容
280,宝宝在妈妈肚子里的心跳,CAT-004,儿童与家庭娱乐内容
343,只要家里3种材料做馒头泥,CAT-004,儿童与家庭娱乐内容
364,亲嘴上床脱光,CAT-004,儿童与家庭娱乐内容
405,光屁股儿子洗澡,CAT-004,儿童与家庭娱乐内容
408,脱口秀痔疮,CAT-004,儿童与家庭娱乐内容
470,小猪佩奇妈妈小宝,CAT-004,儿童与家庭娱乐内容
487,让你受了伤,CAT-004,儿童与家庭娱乐内容
500,温暧你心毛线店,CAT-004,儿童与家庭娱乐内容
540,宝宝拉不出开塞露,CAT-004,儿童与家庭娱乐内容
583,卖产品不如卖自己,CAT-004,儿童与家庭娱乐内容
628,亲嘴口脱衣服,CAT-004,儿童与家庭娱乐内容
642,教师裤袜,CAT-004,儿童与家庭娱乐内容
649,六汤汤就是由狗肉做成的汤就是由狗肉做成的汤,CAT-004,儿童与家庭娱乐内容
701,大头儿子小头爸爸比,CAT-004,儿童与家庭娱乐内容
704,上镜妆容,CAT-004,儿童与家庭娱乐内容
705,小蒙流产,CAT-004,儿童与家庭娱乐内容
730,十万个冷笑话奶,CAT-004,儿童与家庭娱乐内容
734,瘦肚子手法,CAT-004,儿童与家庭娱乐内容
745,爱笑的宝宝,CAT-004,儿童与家庭娱乐内容
769,大头儿子和小头爸爸买冰淇淋,CAT-004,儿童与家庭娱乐内容
788,嗨起来姚大,CAT-004,儿童与家庭娱乐内容
801,护士给病人翻身视频,CAT-004,儿童与家庭娱乐内容
813,皮皮侠香肠派对,CAT-004,儿童与家庭娱乐内容
817,膝盖与肚脐之间,CAT-004,儿童与家庭娱乐内容
828,你有一封信带猪求要,CAT-004,儿童与家庭娱乐内容
866,调解面对面两个儿子一套房子,CAT-004,儿童与家庭娱乐内容
867,小泼孩,CAT-004,儿童与家庭娱乐内容
878,拍起你的手向神赞美,CAT-004,儿童与家庭娱乐内容
899,涉黄按摩洗浴,CAT-004,儿童与家庭娱乐内容
918,白袜子,CAT-004,儿童与家庭娱乐内容
944,沈腾小品我对你爸还行吧,CAT-004,儿童与家庭娱乐内容
948,小熙解说理发师,CAT-004,儿童与家庭娱乐内容
959,怀孕孙怡,CAT-004,儿童与家庭娱乐内容
194,汪汪队立大功12季,CAT-004,儿童与家庭娱乐内容
752,汪汪队立大功ooo,CAT-004,儿童与家庭娱乐内容
880,赛罗奥特曼2018年中文,CAT-004,儿童与家庭娱乐内容
826,ben holly,CAT-004,儿童与家庭娱乐内容
885,thomasnever never never give up,CAT-004,儿童与家庭娱乐内容
971,sabicas,CAT-004,儿童与家庭娱乐内容
367,凯甲勇士之拿瓦,CAT-004,儿童与家庭娱乐内容
362,罗布奥特曼3生肉,CAT-004,儿童与家庭娱乐内容
620,拉布拉多彪爸,CAT-004,儿童与家庭娱乐内容
699,特曼宝宝巴士还有还有杰克奥特曼还有赛罗特曼奥特曼,CAT-004,儿童与家庭娱乐内容
342,我要看日高积木,CAT-004,儿童与家庭娱乐内容
779,2巴啦啦小,CAT-004,儿童与家庭娱乐内容
370,蒙氏走线,CAT-004,儿童与家庭娱乐内容
67,208世界女排联赛,CAT-005,体育赛事与相关内容
119,外国人讲解2088年奥运会,CAT-005,体育赛事与相关内容
125,98世界杯法国巴西,CAT-005,体育赛事与相关内容
177,ufc游戏,CAT-005,体育赛事与相关内容
229,男篮世界杯外围赛,CAT-005,体育赛事与相关内容
241,乒乓球韩国公开赛女双决赛,CAT-005,体育赛事与相关内容
286,s7台湾解说世界大赛小组赛,CAT-005,体育赛事与相关内容
432,2018世界女排联赛总决赛上海站,CAT-005,体育赛事与相关内容
521,中国女足对哈萨克斯坦,CAT-005,体育赛事与相关内容
565,2016女排亚洲杯惠若琪,CAT-005,体育赛事与相关内容
618,2010南非世界杯决,CAT-005,体育赛事与相关内容
623,巴西对比利时2018世界杯,CAT-005,体育赛事与相关内容
643,老梁看世界杯乌拉圭对法国,CAT-005,体育赛事与相关内容
662,克罗地亚对丹麦巴西对墨西哥,CAT-005,体育赛事与相关内容
703,2018世界杯c组赛,CAT-005,体育赛事与相关内容
789,2018俄罗斯世界杯决赛捧杯,CAT-005,体育赛事与相关内容
859,西班牙对俄罗斯的赛前估计,CAT-005,体育赛事与相关内容
876,女排世界联赛决赛,CAT-005,体育赛事与相关内容
889,2010年10月29皇马对巴萨,CAT-005,体育赛事与相关内容
896,人民代表大会开幕,CAT-005,体育赛事与相关内容
979,斯诺克世界公开赛决赛,CAT-005,体育赛事与相关内容
251,足球史上最远进球,CAT-005,体育赛事与相关内容
374,顶级球星,CAT-005,体育赛事与相关内容
390,手鞠球,CAT-005,体育赛事与相关内容
591,篮球跨栏训练,CAT-005,体育赛事与相关内容
660,中国出众兵球利美国南海,CAT-005,体育赛事与相关内容
793,中国选手k1,CAT-005,体育赛事与相关内容
980,足球c罗假动作,CAT-005,体育赛事与相关内容
834,cbal6l7赛季季后赛,CAT-005,体育赛事与相关内容
73,韩国队回国遭球迷扔蛋,CAT-005,体育赛事与相关内容
561,2018最新羽毛球赛事,CAT-005,体育赛事与相关内容
344,nba勇士vs火箭2018,CAT-005,体育赛事与相关内容
398,2818kpl春季赛,CAT-005,体育赛事与相关内容
747,msi季中赛2018国外解说,CAT-005,体育赛事与相关内容
871,亚冠东方,CAT-005,体育赛事与相关内容
921,绝地求生国际邀请赛omg,CAT-005,体育赛事与相关内容
881,一心界杯直播,CAT-005,体育赛事与相关内容
640,英雄联盟直播赛,CAT-005,体育赛事与相关内容
455,巴萨对埃尔切,CAT-005,体育赛事与相关内容
946,科比乔丹神同步,CAT-005,体育赛事与相关内容
109,低杆慢动作,CAT-005,体育赛事与相关内容
502,林仲勋弗雷塔斯,CAT-005,体育赛事与相关内容
2,openyourdream,CAT-006,维吾尔文化与历史相关内容
254,otbaxpalwan,CAT-006,维吾尔文化与历史相关内容
317,omarjan alim nahxilliri,CAT-006,维吾尔文化与历史相关内容
376,askarmuhrar,CAT-006,维吾尔文化与历史相关内容
702,kanhorla xahiri,CAT-006,维吾尔文化与历史相关内容
947,hindistan kinose hanjar,CAT-006,维吾尔文化与历史相关内容
995,xenjangkino,CAT-006,维吾尔文化与历史相关内容
268,初中物理压力与压强,CAT-007,初中物理与数学学习内容
333,八年级上册物理人教版,CAT-007,初中物理与数学学习内容
930,九年级数学上册24,CAT-007,初中物理与数学学习内容
135,学数学加减法,CAT-007,初中物理与数学学习内容
289,徐小湛对弧长的曲线积分,CAT-007,初中物理与数学学习内容
400,三年级奥数题,CAT-007,初中物理与数学学习内容
454,28 2解直角三角形及其应用,CAT-007,初中物理与数学学习内容
155,手工串珠小芭比,CAT-008,手工艺与设计教程
160,photoshop钢笔工具的使用,CAT-008,手工艺与设计教程
472,手工串珠笔筒教程,CAT-008,手工艺与设计教程
379,服装领子制图视频,CAT-008,手工艺与设计教程
936,白色衣服染色,CAT-008,手工艺与设计教程
443,怎么做一个电动小风扇,CAT-008,手工艺与设计教程
855,视频丸子头,CAT-008,手工艺与设计教程
269,众泰t500音响效果,CAT-009,汽车音响与改装相关内容
361,雷克萨斯es200与奥迪a4,CAT-009,汽车音响与改装相关内容
399,奥迪a4l bang olufsen音响,CAT-009,汽车音响与改装相关内容
412,汽车音响自己动手改装,CAT-009,汽车音响与改装相关内容
571,奥迪a7全功能演示,CAT-009,汽车音响与改装相关内容
676,xboxonex鼠标键盘,CAT-009,汽车音响与改装相关内容
678,丹拿音响效果,CAT-009,汽车音响与改装相关内容
736,cpu超频,CAT-009,汽车音响与改装相关内容
827,ae produce48,CAT-009,汽车音响与改装相关内容
12,桑塔纳灯光模拟,CAT-009,汽车音响与改装相关内容
290,逸动手动时尚型,CAT-009,汽车音响与改装相关内容
114,拆车坊ix35,CAT-009,汽车音响与改装相关内容
10,帕杰罗改装排气,CAT-009,汽车音响与改装相关内容
683,劳恩斯酷派3 8改装排气,CAT-009,汽车音响与改装相关内容
457,泥蒿蒌蒿,CAT-010,与艺术涂料、真石漆及相关材料设计相关的内容
477,大最大的水晶泥,CAT-010,与艺术涂料、真石漆及相关材料设计相关的内容
499,圆梦摄影石头,CAT-010,与艺术涂料、真石漆及相关材料设计相关的内容
536,艺术涂料大理石,CAT-010,与艺术涂料、真石漆及相关材料设计相关的内容
869,真石漆调色砂,CAT-010,与艺术涂料、真石漆及相关材料设计相关的内容
960,自制橡皮泥,CAT-010,与艺术涂料、真石漆及相关材料设计相关的内容
157,美联航,CAT-011,航空与飞行相关内容
404,飞机表演,CAT-011,航空与飞行相关内容
483,航拍多伦多,CAT-011,航空与飞行相关内容
463,路用列车,CAT-011,航空与飞行相关内容
85,c4d渲染教程,CAT-012,与手工艺、摄影及设计相关的教程
284,蜜蜡打磨教程,CAT-012,与手工艺、摄影及设计相关的教程
611,樱之花教学,CAT-012,与手工艺、摄影及设计相关的教程
772,佳能750d摄影入门教程,CAT-012,与手工艺、摄影及设计相关的教程
356,全身经络拍打养生操,CAT-013,与养生、太极及佛教相关的内容
451,李德印太极功夫扇全套练习,CAT-013,与养生、太极及佛教相关的内容
497,大法鼓圣严法师,CAT-013,与养生、太极及佛教相关的内容
985,净空法师说一切要从我们本身做起,CAT-013,与养生、太极及佛教相关的内容
232,陈国昭心经行书,CAT-013,与养生、太极及佛教相关的内容
285,陈式太极拳74式陈趋演练,CAT-013,与养生、太极及佛教相关的内容
309,混元太极拳站桩,CAT-013,与养生、太极及佛教相关的内容
244,河南方坠孑,CAT-014,与地方历史、村庄和地名相关的内容
252,西源村,CAT-014,与地方历史、村庄和地名相关的内容
838,遂溪县河头镇旧村2018,CAT-014,与地方历史、村庄和地名相关的内容
983,祖先遗产,CAT-014,与地方历史、村庄和地名相关的内容
